{
    "cameraMatrixL": [
        [
            1187.5359981103907,
            0.0,
            972.271916950605
        ],
        [
            0.0,
            1182.0220277635756,
            579.24977284337
        ],
        [
            0.0,
            0.0,
            1.0
        ]
    ],
    "distCoeffsL": [
        [
            -0.0025051852894415715,
            -0.11477647603866806,
            -0.005347528987572794,
            0.0020225742766035604,
            0.10641595112279592
        ]
    ],
    "cameraMatrixR": [
        [
            1178.3888594575726,
            0.0,
            955.01469113014
        ],
        [
            0.0,
            1173.6128524192925,
            573.070502150092
        ],
        [
            0.0,
            0.0,
            1.0
        ]
    ],
    "distCoeffsR": [
        [
            -0.02867847631420384,
            -0.021706870946436172,
            -0.007571172131581273,
            -0.0014017991159391932,
            0.010407606769454559
        ]
    ],
    "R": [
        [
            0.997108202958369,
            0.00041376314800719227,
            0.07599381812482817
        ],
        [
            -0.001973090993657254,
            0.9997890279521184,
            0.020445207225386352
        ],
        [
            -0.0759693260800888,
            -0.020536026553732174,
            0.9968986573911721
        ]
    ],
    "T": [
        [
            -0.0011613781584430757
        ],
        [
            -0.002898030013262437
        ],
        [
            -0.0031046198840227715
        ]
    ],
    "E": [
        [
            0.00021403568953552358,
            0.0031634789173138156,
            -0.0028255676324157437
        ],
        [
            -0.0031838710694478208,
            -2.513466999729056e-05,
            0.0009218444080621826
        ],
        [
            0.0028919410034281812,
            -0.0011599340420933174,
            0.00019648774863175272
        ]
    ],
    "F": [
        [
            4.289606033775856e-07,
            6.369676399061703e-06,
            -0.010831566989095143
        ],
        [
            -6.406937024545209e-06,
            -5.08147020547114e-08,
            0.008461642723650827
        ],
        [
            0.010091783102726978,
            -0.008806178369741468,
            1.0
        ]
    ]
}