{
    "cameraMatrixL": [
        [
            1170.8704685163955,
            0.0,
            967.2954920270097
        ],
        [
            0.0,
            1163.6610943865942,
            598.3153362949224
        ],
        [
            0.0,
            0.0,
            1.0
        ]
    ],
    "distCoeffsL": [
        [
            -0.04008776526836172,
            0.002365875745601529,
            -0.00022577510713674953,
            0.0014867863413362378,
            -0.02192058430366955
        ]
    ],
    "cameraMatrixR": [
        [
            1171.508077128353,
            0.0,
            958.1623732808944
        ],
        [
            0.0,
            1166.3355216357982,
            577.6299128916432
        ],
        [
            0.0,
            0.0,
            1.0
        ]
    ],
    "distCoeffsR": [
        [
            -0.02989950349767843,
            -0.028353677306271096,
            -0.006009345021030805,
            -3.678263687342199e-05,
            0.014379481417922902
        ]
    ],
    "R": [
        [
            0.9964634395860518,
            -0.0012437745779361048,
            0.08401825154770994
        ],
        [
            -0.0010761198021409495,
            0.9996195480592246,
            0.02756086181604431
        ],
        [
            -0.08402056614012086,
            -0.02755380486740314,
            0.9960829946860967
        ]
    ],
    "T": [
        [
            -0.0051411563889931945
        ],
        [
            -0.0008813133556633011
        ],
        [
            0.00010014647985856808
        ]
    ],
    "E": [
        [
            7.415621669977077e-05,
            -7.58248427069612e-05,
            -0.0008806213698586993
        ],
        [
            -0.0003321705646358036,
            -0.00014178297958083931,
            0.005129432584234275
        ],
        [
            0.0008837290379334774,
            -0.005140296581214142,
            -6.764829360323919e-05
        ]
    ],
    "F": [
        [
            -4.201908725365028e-07,
            4.323076348485516e-07,
            0.005990270938291577
        ],
        [
            1.8905230588299542e-06,
            8.11946232457117e-07,
            -0.03649661576168461
        ],
        [
            -0.006555700689984156,
            0.033450019613730855,
            1.0
        ]
    ]
}